qid,query,top 3 before (BM25),top 3 after reranking,first result changed
Q1,Who is covered by Niramai's Code of Conduct?,[636] niramai_code_of_conduct.txt ✓ | [642] niramai_code_of_conduct.txt | [66] beml_whistle_blower_policy.txt,[636] niramai_code_of_conduct.txt ✓ | [87] ccs_conduct_rules_1964.txt | [407] indus_university_hr_manual.txt,False
Q2,Why did Astral establish a vigil mechanism and whistle-blower policy?,[32] astral_whistle_blower_policy.txt ✓ | [64] beml_whistle_blower_policy.txt | [206] growxcd_vigil_mechanism_policy.txt,[32] astral_whistle_blower_policy.txt ✓ | [524] khannapaper_vigil_mechanism_policy.txt | [64] beml_whistle_blower_policy.txt,False
Q3,How do the two laptop-support arrangements in MyGov's policy differ?,[629] mygov_laptop_policy.txt | [627] mygov_laptop_policy.txt ✓ | [625] mygov_internship_program.txt,[632] mygov_talent_development_policy.txt | [627] mygov_laptop_policy.txt ✓ | [633] mygov_talent_development_policy.txt,True
Q4,How is eligibility for a laptop or laptop charges determined at MyGov?,[627] mygov_laptop_policy.txt ✓ | [629] mygov_laptop_policy.txt | [628] mygov_laptop_policy.txt,[627] mygov_laptop_policy.txt ✓ | [628] mygov_laptop_policy.txt | [629] mygov_laptop_policy.txt,False
Q5,How is a verbal sexual-harassment complaint converted for formal handling at Bajaj Broking?,[51] bajaj_broking_posh_policy.txt ✓ | [46] bajaj_broking_posh_policy.txt | [47] bajaj_broking_posh_policy.txt,[47] bajaj_broking_posh_policy.txt | [46] bajaj_broking_posh_policy.txt | [51] bajaj_broking_posh_policy.txt ✓,True
Q6,How do Bajaj Broking managers' harassment-prevention duties differ from individual employees' duties?,[47] bajaj_broking_posh_policy.txt | [46] bajaj_broking_posh_policy.txt | [90] ccs_conduct_rules_1964.txt,[47] bajaj_broking_posh_policy.txt | [46] bajaj_broking_posh_policy.txt | [268] iim_raipur_hr_policy_service_rules.txt,False
Q7,How does JioStar's listed harassment scope distinguish verbal from visual conduct?,[522] jiostar_posh_policy.txt ✓ | [517] jiostar_posh_policy.txt | [48] bajaj_broking_posh_policy.txt,[522] jiostar_posh_policy.txt ✓ | [49] bajaj_broking_posh_policy.txt | [76] bptp_posh_policy.txt,False
Q8,Does JioStar's harassment scope include retaliation for taking part in an investigation?,[522] jiostar_posh_policy.txt | [5] 3m_posh_policy.txt | [0] 3m_posh_policy.txt,[522] jiostar_posh_policy.txt | [204] ghl_vigil_mechanism_policy.txt | [523] jiostar_posh_policy.txt ✓,False
Q9,What initial action does Aurobindo describe after receiving a human-rights complaint?,[42] aurobindo_human_rights_policy.txt | [44] aurobindo_human_rights_policy.txt ✓ | [43] aurobindo_human_rights_policy.txt,[44] aurobindo_human_rights_policy.txt ✓ | [42] aurobindo_human_rights_policy.txt | [58] bajaj_broking_posh_policy.txt,True
Q10,How does Aurobindo distinguish the preliminary inquiry from its detailed grievance inquiry?,[44] aurobindo_human_rights_policy.txt ✓ | [58] bajaj_broking_posh_policy.txt | [271] iim_raipur_hr_policy_service_rules.txt,[44] aurobindo_human_rights_policy.txt ✓ | [43] aurobindo_human_rights_policy.txt | [42] aurobindo_human_rights_policy.txt,False
