qid,query,answer,valid citations,invalid citations,prompt tokens (Qwen),chunks used (source)
Q1,Who is covered by Niramai's Code of Conduct?,"Niramai's Code of Conduct is applicable to all employees appointed on the payroll of Niramai Health Analytix Private Limited, including staff, full-time employees both permanent and on probation, temporary employees, trainees, management trainees, apprentices, interns, and third party employees. [1]",[1],[],1165,[1] niramai_code_of_conduct.txt | [2] bajaj_broking_posh_policy.txt | [3] niramai_code_of_conduct.txt
Q2,Why did Astral establish a vigil mechanism and whistle-blower policy?,"Astral Limited established a vigil mechanism and whistle-blower policy to encourage employees and directors to report unethical behaviors, malpractices, wrongful conduct, fraud, violation of the company's code of conduct or ethics policy, and violations of law by any employee/director of ASTRAL without fear of retaliation. [1]",[1],[],1529,[1] astral_whistle_blower_policy.txt | [2] khannapaper_vigil_mechanism_policy.txt | [3] beml_whistle_blower_policy.txt
Q3,How do the two laptop-support arrangements in MyGov's policy differ?,"The laptop support arrangement differs in that the Learning and Development Policy provides financial support up to 75% of the course fee or INR 25,000, whichever is lower, whereas the Laptop Provision/Charges Policy offers a fixed monthly disbursement of INR 5,000 for personal laptops.",[],[],1406,[1] mygov_talent_development_policy.txt | [2] mygov_laptop_policy.txt | [3] mygov_talent_development_policy.txt
Q4,How is eligibility for a laptop or laptop charges determined at MyGov?,"Eligibility for a laptop or laptop charges at MyGov is determined by the department head or immediate supervisor based on the employee's role, job requirements, and technical needs. [1]",[1],[],1406,[1] mygov_laptop_policy.txt | [2] mygov_laptop_policy.txt | [3] mygov_laptop_policy.txt
Q5,How is a verbal sexual-harassment complaint converted for formal handling at Bajaj Broking?,"A verbal sexual-harassment complaint is converted to a written complaint by the receiver of the complaint, and the consent of the complainant is obtained for this conversion. [2]",[2],[],1584,[1] bajaj_broking_posh_policy.txt | [2] bajaj_broking_posh_policy.txt | [3] bajaj_broking_posh_policy.txt
Q6,How do Bajaj Broking managers' harassment-prevention duties differ from individual employees' duties?,"Managers at Bajaj Broking have additional responsibilities beyond individual employees regarding the prevention of sexual harassment. Specifically, the IC (Investigation Committee) while conducting inquiries can rely on the Firm's code of conduct policy (MISCONDUCT) in recommending actions to Management. This means that managers have broader oversight and influence over the handling of complaints and investigations compared to individual employees. [3]",[3],[],1564,[1] bajaj_broking_posh_policy.txt | [2] bajaj_broking_posh_policy.txt | [3] bajaj_broking_posh_policy.txt
Q7,How does JioStar's listed harassment scope distinguish verbal from visual conduct?,Not found in the documents.,[],[],1433,[1] jiostar_posh_policy.txt | [2] bajaj_broking_posh_policy.txt | [3] jiostar_posh_policy.txt
Q8,Does JioStar's harassment scope include retaliation for taking part in an investigation?,Not found in the documents,[],[],1425,[1] jiostar_posh_policy.txt | [2] 3m_posh_policy.txt | [3] jiostar_posh_policy.txt
Q9,What initial action does Aurobindo describe after receiving a human-rights complaint?,"After receiving a human-rights complaint, Aurobindo describes that preliminary enquiry will be conducted by involving the complainant in a way that the matter will be dealt with utmost confidentiality within 3 days time. [1]",[1],[],1445,[1] aurobindo_human_rights_policy.txt | [2] aurobindo_human_rights_policy.txt | [3] aurobindo_human_rights_policy.txt
Q10,How does Aurobindo distinguish the preliminary inquiry from its detailed grievance inquiry?,"The preliminary enquiry involves a preliminary investigation conducted by Corporate HR and involved parties, such as the complainant, to determine if there is a prima facie case. In contrast, the detailed enquiry is a more comprehensive investigation involving Corporate HR, Unit HR, and the concerned Department HOD, where a detailed discussion is held with the aggrieved employee, contractors, suppliers, and vendors. [1] [2]","[1, 2]",[],1454,[1] aurobindo_human_rights_policy.txt | [2] aurobindo_human_rights_policy.txt | [3] aurobindo_human_rights_policy.txt
Q11,"Does MyGov allow employees to bring their pet dogs to the office, and what rules apply?",Not found in the documents,[],[],1413,[1] attendance_policy.txt | [2] mygov_internship_program.txt | [3] mygov_internship_program.txt
